603977.SH,未上传成功
603568.SH,未上传成功
603260.SH,未上传成功
603258.SH,未上传成功
601919.SH,未上传成功
601918.SH,未上传成功
601717.SH,未上传成功
601512.SH,未上传成功
601377.SH,未上传成功
601101.SH,未上传成功
600989.SH,未上传成功
600596.SH,未上传成功
600426.SH,未上传成功
600176.SH,未上传成功
600030.SH,未上传成功
601636.SH,未上传成功
603882.SH,未上传成功
600010.SH,未上传成功
600170.SH,未上传成功
600282.SH,未上传成功
000630.SZ,未上传成功
600219.SH,未上传成功
601618.SH,未上传成功
601003.SH,未上传成功
601016.SH,未上传成功
603993.SH,未上传成功
601600.SH,未上传成功
600496.SH,未上传成功
600577.SH,未上传成功
600210.SH,未上传成功
600986.SH,未上传成功
002314.SZ,未上传成功
002627.SZ,未上传成功
600901.SH,未上传成功
000598.SZ,未上传成功
600398.SH,未上传成功
603323.SH,未上传成功
601658.SH,未上传成功
600642.SH,未上传成功
600908.SH,未上传成功
600248.SH,未上传成功
600581.SH,未上传成功
600662.SH,未上传成功
002283.SZ,未上传成功
601515.SH,未上传成功
603601.SH,未上传成功
000069.SZ,未上传成功
600586.SH,未上传成功
601668.SH,未上传成功
600643.SH,未上传成功
600820.SH,未上传成功
002097.SZ,未上传成功
000059.SZ,未上传成功
002010.SZ,未上传成功
002966.SZ,未上传成功
002533.SZ,未上传成功
002765.SZ,未上传成功
600019.SH,未上传成功
600018.SH,未上传成功
600728.SH,未上传成功
600409.SH,未上传成功
600516.SH,未上传成功
601985.SH,未上传成功
601827.SH,未上传成功
600489.SH,未上传成功
600997.SH,未上传成功
601669.SH,未上传成功
600012.SH,未上传成功
600984.SH,未上传成功
600971.SH,未上传成功
600556.SH,未上传成功
600966.SH,未上传成功
601686.SH,未上传成功
601963.SH,未上传成功
600737.SH,未上传成功
600817.SH,未上传成功
600552.SH,未上传成功
601369.SH,未上传成功
600507.SH,未上传成功
600970.SH,未上传成功
600325.SH,未上传成功
601186.SH,未上传成功
600395.SH,未上传成功
600330.SH,未上传成功
600223.SH,未上传成功
600366.SH,未上传成功
600873.SH,未上传成功
600548.SH,未上传成功
603018.SH,未上传成功
002243.SZ,未上传成功
603128.SH,未上传成功
601138.SH,未上传成功
000885.SZ,未上传成功
605268.SH,未上传成功
600446.SH,未上传成功
000547.SZ,未上传成功
600299.SH,未上传成功
601117.SH,未上传成功
600110.SH,未上传成功
603055.SH,未上传成功
603686.SH,未上传成功
603818.SH,未上传成功
601200.SH,未上传成功
601899.SH,未上传成功
600761.SH,未上传成功
605299.SH,未上传成功
603818.SH,未上传成功
601200.SH,未上传成功
601899.SH,未上传成功
600761.SH,未上传成功
600655.SH,未上传成功
603808.SH,未上传成功
601098.SH,未上传成功
603113.SH,未上传成功
605006.SH,未上传成功
603232.SH,未上传成功
600271.SH,未上传成功
600039.SH,未上传成功
600487.SH,未上传成功
600348.SH,未上传成功
601058.SH,未上传成功
600475.SH,未上传成功
600273.SH,未上传成功
603496.SH,未上传成功
600535.SH,未上传成功
601009.SH,未上传成功
600160.SH,未上传成功
600674.SH,未上传成功
600380.SH,未上传成功
605166.SH,未上传成功
603667.SH,未上传成功
600597.SH,未上传成功
600580.SH,未上传成功
600483.SH,未上传成功
600933.SH,未上传成功
603901.SH,未上传成功
601231.SH,未上传成功
600452.SH,未上传成功
600449.SH,未上传成功
601137.SH,未上传成功
600131.SH,未上传成功
603848.SH,未上传成功
603060.SH,未上传成功
603131.SH,未上传成功
601688.SH,未上传成功
600216.SH,未上传成功
688590.SH,未上传成功
601208.SH,未上传成功
600123.SH,未上传成功
603866.SH,未上传成功
601699.SH,未上传成功
600926.SH,未上传成功
601666.SH,未上传成功
601211.SH,未上传成功
600985.SH,未上传成功
603298.SH,未上传成功
603035.SH,未上传成功
603588.SH,未上传成功
600557.SH,未上传成功
601965.SH,未上传成功
600546.SH,未上传成功
603587.SH,未上传成功
603040.SH,未上传成功
600399.SH,未上传成功
688501.SH,未上传成功
601233.SH,未上传成功
603368.SH,未上传成功
603693.SH,未上传成功
605007.SH,未上传成功
605136.SH,未上传成功
603611.SH,未上传成功
603992.SH,未上传成功
603809.SH,未上传成功
600803.SH,未上传成功
601838.SH,未上传成功
600803.SH,未上传成功
600104.SH,未上传成功
600031.SH,未上传成功
605366.SH,未上传成功
603610.SH,未上传成功
002384.SZ,未上传成功
600183.SH,未上传成功
603466.SH,未上传成功
600171.SH,未上传成功
603319.SH,未上传成功
600048.SH,未上传成功
603886.SH,未上传成功
002050.SZ,未上传成功
600171.SH,未上传成功
603319.SH,未上传成功
600048.SH,未上传成功
600459.SH,未上传成功
603886.SH,未上传成功
603920.SH,未上传成功
603565.SH,未上传成功
603218.SH,未上传成功
600392.SH,未上传成功
600549.SH,未上传成功
603477.SH,未上传成功
603877.SH,未上传成功
605108.SH,未上传成功
600323.SH,未上传成功
601166.SH,未上传成功
603801.SH,未上传成功
605068.SH,未上传成功
605189.SH,未上传成功
600089.SH,未上传成功
603915.SH,未上传成功
600741.SH,未上传成功
603733.SH,未上传成功
603733.SH,未上传成功
601601.SH,未上传成功
603855.SH,未上传成功
603927.SH,未上传成功
002396.SZ,未上传成功
600346.SH,未上传成功
600529.SH,未上传成功
600884.SH,未上传成功
600729.SH,未上传成功
600764.SH,未上传成功
601615.SH,未上传成功
603355.SH,未上传成功
603043.SH,未上传成功
600900.SH,未上传成功
603916.SH,未上传成功
603305.SH,未上传成功
600584.SH,未上传成功
603681.SH,未上传成功
601156.SH,未上传成功
603719.SH,未上传成功
600872.SH,未上传成功
600566.SH,未上传成功
601155.SH,未上传成功
603859.SH,未上传成功
601677.SH,未上传成功
600295.SH,未上传成功
600690.SH,未上传成功
601869.SH,未上传成功
605099.SH,未上传成功
603180.SH,未上传成功
605336.SH,未上传成功
603707.SH,未上传成功
603008.SH,未上传成功
603233.SH,未上传成功
603416.SH,未上传成功
600511.SH,未上传成功
605338.SH,未上传成功
603005.SH,未上传成功
605398.SH,未上传成功
605337.SH,未上传成功
600315.SH,未上传成功
600111.SH,未上传成功
002407.SZ,未上传成功
603380.SH,未上传成功
600406.SH,未上传成功
603738.SH,未上传成功
603039.SH,未上传成功
601877.SH,未上传成功
600141.SH,未上传成功
603197.SH,未上传成功
603883.SH,未上传成功
600378.SH,未上传成功
605009.SH,未上传成功
600036.SH,未上传成功
600887.SH,未上传成功
600585.SH,未上传成功
603938.SH,未上传成功
603678.SH,未上传成功
600438.SH,未上传成功
600038.SH,未上传成功
605399.SH,未上传成功
603939.SH,未上传成功
600976.SH,未上传成功
601318.SH,未上传成功
600460.SH,未上传成功
603369.SH,未上传成功
603217.SH,未上传成功
003026.SZ,未上传成功
603658.SH,未上传成功
603666.SH,未上传成功
601100.SH,未上传成功
603155.SH,未上传成功
603899.SH,未上传成功
002352.SZ,未上传成功
603896.SH,未上传成功
600885.SH,未上传成功
603995.SH,未上传成功
002557.SZ,未上传成功
605266.SH,未上传成功
000333.SZ,未上传成功
603198.SH,未上传成功
605358.SH,未上传成功
603816.SH,未上传成功
600745.SH,未上传成功
600309.SH,未上传成功
603799.SH,未上传成功
603486.SH,未上传成功
002460.SZ,未上传成功
605123.SH,未上传成功
605168.SH,未上传成功
600703.SH,未上传成功
600763.SH,未上传成功
600882.SH,未上传成功
002036.SZ,未上传成功
001965.SZ,未上传成功
